영업장명_메뉴명,요일,weekday_weight
느티나무 셀프BBQ_1인 수저세트,금,1.52581262
느티나무 셀프BBQ_1인 수저세트,목,1.22944551
느티나무 셀프BBQ_1인 수저세트,수,1.02868069
느티나무 셀프BBQ_1인 수저세트,월,1.00000000
느티나무 셀프BBQ_1인 수저세트,일,1.46462715
느티나무 셀프BBQ_1인 수저세트,토,2.00000000
느티나무 셀프BBQ_1인 수저세트,화,1.00956023
느티나무 셀프BBQ_BBQ55(단체),금,1.54472754
느티나무 셀프BBQ_BBQ55(단체),목,2.00000000
느티나무 셀프BBQ_BBQ55(단체),수,1.45080900
느티나무 셀프BBQ_BBQ55(단체),월,1.31876511
느티나무 셀프BBQ_BBQ55(단체),일,1.00000000
느티나무 셀프BBQ_BBQ55(단체),토,1.02771062
느티나무 셀프BBQ_BBQ55(단체),화,1.27096894
"느티나무 셀프BBQ_대여료 30,000원",금,1.44444444
"느티나무 셀프BBQ_대여료 30,000원",목,1.06045752
"느티나무 셀프BBQ_대여료 30,000원",수,1.08333333
"느티나무 셀프BBQ_대여료 30,000원",월,1.00000000
"느티나무 셀프BBQ_대여료 30,000원",일,1.69934641
"느티나무 셀프BBQ_대여료 30,000원",토,2.00000000
"느티나무 셀프BBQ_대여료 30,000원",화,1.10457516
"느티나무 셀프BBQ_대여료 60,000원",금,1.33679834
"느티나무 셀프BBQ_대여료 60,000원",목,1.09355509
"느티나무 셀프BBQ_대여료 60,000원",수,1.10810811
"느티나무 셀프BBQ_대여료 60,000원",월,1.00000000
"느티나무 셀프BBQ_대여료 60,000원",일,1.41580042
"느티나무 셀프BBQ_대여료 60,000원",토,2.00000000
"느티나무 셀프BBQ_대여료 60,000원",화,1.04573805
"느티나무 셀프BBQ_대여료 90,000원",금,1.38383838
"느티나무 셀프BBQ_대여료 90,000원",목,1.13131313
"느티나무 셀프BBQ_대여료 90,000원",수,1.04040404
"느티나무 셀프BBQ_대여료 90,000원",월,1.00000000
"느티나무 셀프BBQ_대여료 90,000원",일,1.34343434
"느티나무 셀프BBQ_대여료 90,000원",토,2.00000000
"느티나무 셀프BBQ_대여료 90,000원",화,1.01010101
"느티나무 셀프BBQ_본삼겹 (단품,실내)",금,1.75257732
"느티나무 셀프BBQ_본삼겹 (단품,실내)",목,1.31958763
"느티나무 셀프BBQ_본삼겹 (단품,실내)",수,1.22680412
"느티나무 셀프BBQ_본삼겹 (단품,실내)",월,1.00000000
"느티나무 셀프BBQ_본삼겹 (단품,실내)",일,1.45360825
"느티나무 셀프BBQ_본삼겹 (단품,실내)",토,2.00000000
"느티나무 셀프BBQ_본삼겹 (단품,실내)",화,1.14432990
느티나무 셀프BBQ_스프라이트 (단체),금,1.68832662
느티나무 셀프BBQ_스프라이트 (단체),목,2.00000000
느티나무 셀프BBQ_스프라이트 (단체),수,1.38872915
느티나무 셀프BBQ_스프라이트 (단체),월,1.33985049
느티나무 셀프BBQ_스프라이트 (단체),일,1.00000000
느티나무 셀프BBQ_스프라이트 (단체),토,1.07015526
느티나무 셀프BBQ_스프라이트 (단체),화,1.15756182
느티나무 셀프BBQ_신라면,금,1.54609929
느티나무 셀프BBQ_신라면,목,1.14893617
느티나무 셀프BBQ_신라면,수,1.02482270
느티나무 셀프BBQ_신라면,월,1.00000000
느티나무 셀프BBQ_신라면,일,1.30141844
느티나무 셀프BBQ_신라면,토,2.00000000
느티나무 셀프BBQ_신라면,화,1.05673759
느티나무 셀프BBQ_쌈야채세트,금,1.86666667
느티나무 셀프BBQ_쌈야채세트,목,1.57435897
느티나무 셀프BBQ_쌈야채세트,수,1.33846154
느티나무 셀프BBQ_쌈야채세트,월,1.00000000
느티나무 셀프BBQ_쌈야채세트,일,1.63589744
느티나무 셀프BBQ_쌈야채세트,토,2.00000000
느티나무 셀프BBQ_쌈야채세트,화,1.13333333
느티나무 셀프BBQ_쌈장,금,1.60416667
느티나무 셀프BBQ_쌈장,목,1.10416667
느티나무 셀프BBQ_쌈장,수,1.18750000
느티나무 셀프BBQ_쌈장,월,1.00000000
느티나무 셀프BBQ_쌈장,일,1.68750000
느티나무 셀프BBQ_쌈장,토,2.00000000
느티나무 셀프BBQ_쌈장,화,1.20833333
느티나무 셀프BBQ_육개장 사발면,금,1.36666667
느티나무 셀프BBQ_육개장 사발면,목,1.25333333
느티나무 셀프BBQ_육개장 사발면,수,1.16666667
느티나무 셀프BBQ_육개장 사발면,월,1.00000000
느티나무 셀프BBQ_육개장 사발면,일,1.40000000
느티나무 셀프BBQ_육개장 사발면,토,2.00000000
느티나무 셀프BBQ_육개장 사발면,화,1.10666667
느티나무 셀프BBQ_일회용 소주컵,금,1.50000000
느티나무 셀프BBQ_일회용 소주컵,목,1.15151515
느티나무 셀프BBQ_일회용 소주컵,수,1.24242424
느티나무 셀프BBQ_일회용 소주컵,월,1.00000000
느티나무 셀프BBQ_일회용 소주컵,일,1.36363636
느티나무 셀프BBQ_일회용 소주컵,토,2.00000000
느티나무 셀프BBQ_일회용 소주컵,화,1.13636364
느티나무 셀프BBQ_일회용 종이컵,금,1.56000000
느티나무 셀프BBQ_일회용 종이컵,목,1.24000000
느티나무 셀프BBQ_일회용 종이컵,수,1.16000000
느티나무 셀프BBQ_일회용 종이컵,월,1.00000000
느티나무 셀프BBQ_일회용 종이컵,일,1.65000000
느티나무 셀프BBQ_일회용 종이컵,토,2.00000000
느티나무 셀프BBQ_일회용 종이컵,화,1.22000000
느티나무 셀프BBQ_잔디그늘집 대여료 (12인석),금,1.59426230
느티나무 셀프BBQ_잔디그늘집 대여료 (12인석),목,1.28688525
느티나무 셀프BBQ_잔디그늘집 대여료 (12인석),수,1.09426230
느티나무 셀프BBQ_잔디그늘집 대여료 (12인석),월,1.00000000
느티나무 셀프BBQ_잔디그늘집 대여료 (12인석),일,1.38524590
느티나무 셀프BBQ_잔디그늘집 대여료 (12인석),토,2.00000000
느티나무 셀프BBQ_잔디그늘집 대여료 (12인석),화,1.00000000
느티나무 셀프BBQ_잔디그늘집 대여료 (6인석),금,1.70114943
느티나무 셀프BBQ_잔디그늘집 대여료 (6인석),목,1.21839080
느티나무 셀프BBQ_잔디그늘집 대여료 (6인석),수,1.06752874
느티나무 셀프BBQ_잔디그늘집 대여료 (6인석),월,1.00000000
느티나무 셀프BBQ_잔디그늘집 대여료 (6인석),일,1.51436782
느티나무 셀프BBQ_잔디그늘집 대여료 (6인석),토,2.00000000
느티나무 셀프BBQ_잔디그늘집 대여료 (6인석),화,1.09267241
느티나무 셀프BBQ_잔디그늘집 의자 추가,금,1.58400000
느티나무 셀프BBQ_잔디그늘집 의자 추가,목,1.27200000
느티나무 셀프BBQ_잔디그늘집 의자 추가,수,1.13600000
느티나무 셀프BBQ_잔디그늘집 의자 추가,월,1.00000000
느티나무 셀프BBQ_잔디그늘집 의자 추가,일,1.42400000
느티나무 셀프BBQ_잔디그늘집 의자 추가,토,2.00000000
느티나무 셀프BBQ_잔디그늘집 의자 추가,화,1.06400000
느티나무 셀프BBQ_참이슬 (단체),금,1.60532102
느티나무 셀프BBQ_참이슬 (단체),목,2.00000000
느티나무 셀프BBQ_참이슬 (단체),수,1.46921724
느티나무 셀프BBQ_참이슬 (단체),월,1.37818821
느티나무 셀프BBQ_참이슬 (단체),일,1.00000000
느티나무 셀프BBQ_참이슬 (단체),토,1.05408971
느티나무 셀프BBQ_참이슬 (단체),화,1.19371152
느티나무 셀프BBQ_친환경 접시 14cm,금,1.44943820
느티나무 셀프BBQ_친환경 접시 14cm,목,1.19101124
느티나무 셀프BBQ_친환경 접시 14cm,수,1.21348315
느티나무 셀프BBQ_친환경 접시 14cm,월,1.00000000
느티나무 셀프BBQ_친환경 접시 14cm,일,1.46067416
느티나무 셀프BBQ_친환경 접시 14cm,토,2.00000000
느티나무 셀프BBQ_친환경 접시 14cm,화,1.22471910
느티나무 셀프BBQ_친환경 접시 23cm,금,1.52678571
느티나무 셀프BBQ_친환경 접시 23cm,목,1.21428571
느티나무 셀프BBQ_친환경 접시 23cm,수,1.10714286
느티나무 셀프BBQ_친환경 접시 23cm,월,1.02678571
느티나무 셀프BBQ_친환경 접시 23cm,일,1.66964286
느티나무 셀프BBQ_친환경 접시 23cm,토,2.00000000
느티나무 셀프BBQ_친환경 접시 23cm,화,1.00000000
느티나무 셀프BBQ_카스 병(단체),금,1.59973098
느티나무 셀프BBQ_카스 병(단체),목,2.00000000
느티나무 셀프BBQ_카스 병(단체),수,1.44619523
느티나무 셀프BBQ_카스 병(단체),월,1.35626441
느티나무 셀프BBQ_카스 병(단체),일,1.00000000
느티나무 셀프BBQ_카스 병(단체),토,1.05149885
느티나무 셀프BBQ_카스 병(단체),화,1.21022291
느티나무 셀프BBQ_콜라 (단체),금,1.74513382
느티나무 셀프BBQ_콜라 (단체),목,2.00000000
느티나무 셀프BBQ_콜라 (단체),수,1.46289538
느티나무 셀프BBQ_콜라 (단체),월,1.38929440
느티나무 셀프BBQ_콜라 (단체),일,1.00000000
느티나무 셀프BBQ_콜라 (단체),토,1.07846715
느티나무 셀프BBQ_콜라 (단체),화,1.22201946
느티나무 셀프BBQ_햇반,금,1.41250000
느티나무 셀프BBQ_햇반,목,1.27083333
느티나무 셀프BBQ_햇반,수,1.08750000
느티나무 셀프BBQ_햇반,월,1.00000000
느티나무 셀프BBQ_햇반,일,1.55416667
느티나무 셀프BBQ_햇반,토,2.00000000
느티나무 셀프BBQ_햇반,화,1.08750000
느티나무 셀프BBQ_허브솔트,금,1.55882353
느티나무 셀프BBQ_허브솔트,목,1.14705882
느티나무 셀프BBQ_허브솔트,수,1.10294118
느티나무 셀프BBQ_허브솔트,월,1.00000000
느티나무 셀프BBQ_허브솔트,일,1.45588235
느티나무 셀프BBQ_허브솔트,토,2.00000000
느티나무 셀프BBQ_허브솔트,화,1.13235294
담하_(단체) 공깃밥,금,1.64285714
담하_(단체) 공깃밥,목,2.00000000
담하_(단체) 공깃밥,수,1.88095238
담하_(단체) 공깃밥,월,1.79761905
담하_(단체) 공깃밥,일,1.00000000
담하_(단체) 공깃밥,토,1.11904762
담하_(단체) 공깃밥,화,1.51190476
담하_(단체) 생목살 김치전골 2.0,금,1.92554745
담하_(단체) 생목살 김치전골 2.0,목,2.00000000
담하_(단체) 생목살 김치전골 2.0,수,1.86423358
담하_(단체) 생목살 김치전골 2.0,월,1.53430657
담하_(단체) 생목살 김치전골 2.0,일,1.00000000
담하_(단체) 생목살 김치전골 2.0,토,1.12992701
담하_(단체) 생목살 김치전골 2.0,화,1.73722628
담하_(단체) 은이버섯 갈비탕,금,2.00000000
담하_(단체) 은이버섯 갈비탕,목,1.94327177
담하_(단체) 은이버섯 갈비탕,수,1.67810026
담하_(단체) 은이버섯 갈비탕,월,1.53562005
담하_(단체) 은이버섯 갈비탕,일,1.00000000
담하_(단체) 은이버섯 갈비탕,토,1.09498681
담하_(단체) 은이버섯 갈비탕,화,1.49208443
담하_(단체) 한우 우거지 국밥,금,2.00000000
담하_(단체) 한우 우거지 국밥,목,1.60651921
담하_(단체) 한우 우거지 국밥,수,1.31664726
담하_(단체) 한우 우거지 국밥,월,1.02328289
담하_(단체) 한우 우거지 국밥,일,1.00000000
담하_(단체) 한우 우거지 국밥,토,1.18975553
담하_(단체) 한우 우거지 국밥,화,1.23399302
담하_(단체) 황태해장국 3/27까지,금,2.00000000
담하_(단체) 황태해장국 3/27까지,목,1.41413960
담하_(단체) 황태해장국 3/27까지,수,1.29535259
담하_(단체) 황태해장국 3/27까지,월,1.00000000
담하_(단체) 황태해장국 3/27까지,일,1.03696393
담하_(단체) 황태해장국 3/27까지,토,1.56684012
담하_(단체) 황태해장국 3/27까지,화,1.52449309
담하_(정식) 된장찌개,금,1.20426829
담하_(정식) 된장찌개,목,1.30182927
담하_(정식) 된장찌개,수,1.00000000
담하_(정식) 된장찌개,월,1.35670732
담하_(정식) 된장찌개,일,1.93902439
담하_(정식) 된장찌개,토,2.00000000
담하_(정식) 된장찌개,화,1.36280488
담하_(정식) 물냉면 ,금,1.35294118
담하_(정식) 물냉면 ,목,1.25133690
담하_(정식) 물냉면 ,수,1.00000000
담하_(정식) 물냉면 ,월,1.12834225
담하_(정식) 물냉면 ,일,1.89839572
담하_(정식) 물냉면 ,토,2.00000000
담하_(정식) 물냉면 ,화,1.31016043
담하_(정식) 비빔냉면,금,1.25490196
담하_(정식) 비빔냉면,목,1.39869281
담하_(정식) 비빔냉면,수,1.00000000
담하_(정식) 비빔냉면,월,1.22875817
담하_(정식) 비빔냉면,일,2.00000000
담하_(정식) 비빔냉면,토,1.73202614
담하_(정식) 비빔냉면,화,1.48366013
담하_(후식) 된장찌개,금,1.56553398
담하_(후식) 된장찌개,목,1.17233010
담하_(후식) 된장찌개,수,1.08495146
담하_(후식) 된장찌개,월,1.08980583
담하_(후식) 된장찌개,일,1.51456311
담하_(후식) 된장찌개,토,2.00000000
담하_(후식) 된장찌개,화,1.00000000
담하_(후식) 물냉면,금,1.54198473
담하_(후식) 물냉면,목,1.58015267
담하_(후식) 물냉면,수,1.11450382
담하_(후식) 물냉면,월,1.14503817
담하_(후식) 물냉면,일,1.58778626
담하_(후식) 물냉면,토,2.00000000
담하_(후식) 물냉면,화,1.00000000
담하_(후식) 비빔냉면,금,1.45360825
담하_(후식) 비빔냉면,목,1.30927835
담하_(후식) 비빔냉면,수,1.03092784
담하_(후식) 비빔냉면,월,1.22680412
담하_(후식) 비빔냉면,일,1.39175258
담하_(후식) 비빔냉면,토,2.00000000
담하_(후식) 비빔냉면,화,1.00000000
담하_갑오징어 비빔밥,금,1.94444444
담하_갑오징어 비빔밥,목,1.50925926
담하_갑오징어 비빔밥,수,1.00000000
담하_갑오징어 비빔밥,월,1.71296296
담하_갑오징어 비빔밥,일,1.58333333
담하_갑오징어 비빔밥,토,2.00000000
담하_갑오징어 비빔밥,화,1.30555556
담하_갱시기,금,1.19266055
담하_갱시기,목,1.00000000
담하_갱시기,수,1.11009174
담하_갱시기,월,1.20183486
담하_갱시기,일,2.00000000
담하_갱시기,토,1.96330275
담하_갱시기,화,1.20183486
담하_공깃밥,금,1.48009863
담하_공깃밥,목,1.09193378
담하_공깃밥,수,1.02500881
담하_공깃밥,월,1.18457203
담하_공깃밥,일,1.59457555
담하_공깃밥,토,2.00000000
담하_공깃밥,화,1.00000000
담하_꼬막 비빔밥,금,1.49668874
담하_꼬막 비빔밥,목,1.31788079
담하_꼬막 비빔밥,수,1.00000000
담하_꼬막 비빔밥,월,1.44370861
담하_꼬막 비빔밥,일,1.45695364
담하_꼬막 비빔밥,토,2.00000000
담하_꼬막 비빔밥,화,1.11920530
담하_느린마을 막걸리,금,1.25210084
담하_느린마을 막걸리,목,1.04201681
담하_느린마을 막걸리,수,1.00000000
담하_느린마을 막걸리,월,1.10084034
담하_느린마을 막걸리,일,1.33613445
담하_느린마을 막걸리,토,2.00000000
담하_느린마을 막걸리,화,1.06722689
담하_담하 한우 불고기,금,1.52091255
담하_담하 한우 불고기,목,1.19581749
담하_담하 한우 불고기,수,1.06501901
담하_담하 한우 불고기,월,1.18022814
담하_담하 한우 불고기,일,1.45931559
담하_담하 한우 불고기,토,2.00000000
담하_담하 한우 불고기,화,1.00000000
담하_담하 한우 불고기 정식,금,1.28161669
담하_담하 한우 불고기 정식,목,1.27379400
담하_담하 한우 불고기 정식,수,1.00000000
담하_담하 한우 불고기 정식,월,1.31160365
담하_담하 한우 불고기 정식,일,1.97653194
담하_담하 한우 불고기 정식,토,2.00000000
담하_담하 한우 불고기 정식,화,1.48631030
담하_더덕 한우 지짐,금,1.37500000
담하_더덕 한우 지짐,목,1.78125000
담하_더덕 한우 지짐,수,1.09375000
담하_더덕 한우 지짐,월,1.12500000
담하_더덕 한우 지짐,일,1.21875000
담하_더덕 한우 지짐,토,2.00000000
담하_더덕 한우 지짐,화,1.00000000
담하_들깨 양지탕,금,1.42564103
담하_들깨 양지탕,목,1.38974359
담하_들깨 양지탕,수,1.00000000
담하_들깨 양지탕,월,1.20000000
담하_들깨 양지탕,일,1.30769231
담하_들깨 양지탕,토,2.00000000
담하_들깨 양지탕,화,1.48205128
담하_라면사리,금,1.42253521
담하_라면사리,목,2.00000000
담하_라면사리,수,1.16197183
담하_라면사리,월,1.47183099
담하_라면사리,일,1.01408451
담하_라면사리,토,1.00000000
담하_라면사리,화,1.24647887
담하_룸 이용료,금,1.46153846
담하_룸 이용료,목,2.00000000
담하_룸 이용료,수,1.01923077
담하_룸 이용료,월,1.19230769
담하_룸 이용료,일,1.00000000
담하_룸 이용료,토,1.65384615
담하_룸 이용료,화,1.38461538
담하_메밀면 사리,금,1.72480620
담하_메밀면 사리,목,1.08527132
담하_메밀면 사리,수,1.02713178
담하_메밀면 사리,월,1.26356589
담하_메밀면 사리,일,1.64728682
담하_메밀면 사리,토,2.00000000
담하_메밀면 사리,화,1.00000000
담하_명인안동소주,금,1.68181818
담하_명인안동소주,목,1.54545455
담하_명인안동소주,수,1.22727273
담하_명인안동소주,월,1.63636364
담하_명인안동소주,일,1.18181818
담하_명인안동소주,토,2.00000000
담하_명인안동소주,화,1.00000000
담하_명태회 비빔냉면,금,1.85074627
담하_명태회 비빔냉면,목,1.08208955
담하_명태회 비빔냉면,수,1.09701493
담하_명태회 비빔냉면,월,1.06716418
담하_명태회 비빔냉면,일,1.33582090
담하_명태회 비빔냉면,토,2.00000000
담하_명태회 비빔냉면,화,1.00000000
담하_문막 복분자 칵테일,금,1.71428571
담하_문막 복분자 칵테일,목,1.11428571
담하_문막 복분자 칵테일,수,1.00000000
담하_문막 복분자 칵테일,월,1.17142857
담하_문막 복분자 칵테일,일,1.25714286
담하_문막 복분자 칵테일,토,2.00000000
담하_문막 복분자 칵테일,화,1.08571429
담하_봉평메밀 물냉면,금,1.43171806
담하_봉평메밀 물냉면,목,1.03524229
담하_봉평메밀 물냉면,수,1.00000000
담하_봉평메밀 물냉면,월,1.05286344
담하_봉평메밀 물냉면,일,1.49339207
담하_봉평메밀 물냉면,토,2.00000000
담하_봉평메밀 물냉면,화,1.06607930
담하_생목살 김치찌개,금,1.23232323
담하_생목살 김치찌개,목,1.00378788
담하_생목살 김치찌개,수,1.00505051
담하_생목살 김치찌개,월,1.13762626
담하_생목살 김치찌개,일,1.67676768
담하_생목살 김치찌개,토,2.00000000
담하_생목살 김치찌개,화,1.00000000
담하_스프라이트,금,1.23529412
담하_스프라이트,목,1.51260504
담하_스프라이트,수,1.00000000
담하_스프라이트,월,1.51260504
담하_스프라이트,일,1.41176471
담하_스프라이트,토,2.00000000
담하_스프라이트,화,1.55462185
담하_은이버섯 갈비탕,금,1.23943662
담하_은이버섯 갈비탕,목,1.22535211
담하_은이버섯 갈비탕,수,1.14084507
담하_은이버섯 갈비탕,월,1.30633803
담하_은이버섯 갈비탕,일,1.39084507
담하_은이버섯 갈비탕,토,2.00000000
담하_은이버섯 갈비탕,화,1.00000000
담하_제로콜라,금,1.42424242
담하_제로콜라,목,1.53030303
담하_제로콜라,수,1.34848485
담하_제로콜라,월,1.30303030
담하_제로콜라,일,1.54545455
담하_제로콜라,토,2.00000000
담하_제로콜라,화,1.00000000
담하_참이슬,금,1.30078125
담하_참이슬,목,1.09765625
담하_참이슬,수,1.00000000
담하_참이슬,월,1.13671875
담하_참이슬,일,1.27343750
담하_참이슬,토,2.00000000
담하_참이슬,화,1.09375000
담하_처음처럼,금,1.42857143
담하_처음처럼,목,1.32857143
담하_처음처럼,수,1.00000000
담하_처음처럼,월,1.30000000
담하_처음처럼,일,1.42857143
담하_처음처럼,토,2.00000000
담하_처음처럼,화,1.21428571
담하_카스,금,1.32727273
담하_카스,목,1.01818182
담하_카스,수,1.13636364
담하_카스,월,1.00000000
담하_카스,일,1.25454545
담하_카스,토,2.00000000
담하_카스,화,1.07272727
담하_콜라,금,1.47000000
담하_콜라,목,1.39000000
담하_콜라,수,1.00000000
담하_콜라,월,1.19000000
담하_콜라,일,1.44000000
담하_콜라,토,2.00000000
담하_콜라,화,1.19000000
담하_테라,금,1.60000000
담하_테라,목,1.19090909
담하_테라,수,1.00000000
담하_테라,월,1.29090909
담하_테라,일,1.21818182
담하_테라,토,2.00000000
담하_테라,화,1.43636364
담하_하동 매실 칵테일,금,1.36486486
담하_하동 매실 칵테일,목,1.22972973
담하_하동 매실 칵테일,수,1.00000000
담하_하동 매실 칵테일,월,1.09459459
담하_하동 매실 칵테일,일,1.63513514
담하_하동 매실 칵테일,토,2.00000000
담하_하동 매실 칵테일,화,1.01351351
담하_한우 떡갈비 정식,금,1.33150384
담하_한우 떡갈비 정식,목,1.00329308
담하_한우 떡갈비 정식,수,1.00000000
담하_한우 떡갈비 정식,월,1.19758507
담하_한우 떡갈비 정식,일,1.74862788
담하_한우 떡갈비 정식,토,2.00000000
담하_한우 떡갈비 정식,화,1.00987925
담하_한우 미역국 정식,금,1.21273517
담하_한우 미역국 정식,목,1.02460203
담하_한우 미역국 정식,수,1.00000000
담하_한우 미역국 정식,월,1.40665702
담하_한우 미역국 정식,일,2.00000000
담하_한우 미역국 정식,토,1.53111433
담하_한우 미역국 정식,화,1.11287988
담하_한우 우거지 국밥,금,1.19485658
담하_한우 우거지 국밥,목,1.00098912
담하_한우 우거지 국밥,수,1.03758655
담하_한우 우거지 국밥,월,1.28981207
담하_한우 우거지 국밥,일,2.00000000
담하_한우 우거지 국밥,토,1.70919881
담하_한우 우거지 국밥,화,1.00000000
담하_한우 차돌박이 된장찌개,금,1.45107794
담하_한우 차돌박이 된장찌개,목,1.30514096
담하_한우 차돌박이 된장찌개,수,1.00000000
담하_한우 차돌박이 된장찌개,월,1.23217247
담하_한우 차돌박이 된장찌개,일,1.66998342
담하_한우 차돌박이 된장찌개,토,2.00000000
담하_한우 차돌박이 된장찌개,화,1.17412935
담하_황태해장국,금,1.37427746
담하_황태해장국,목,1.00000000
담하_황태해장국,수,1.02167630
담하_황태해장국,월,1.20809249
담하_황태해장국,일,2.00000000
담하_황태해장국,토,1.72976879
담하_황태해장국,화,1.28757225
라그로타_AUS (200g),금,1.81052632
라그로타_AUS (200g),목,1.51578947
라그로타_AUS (200g),수,1.34736842
라그로타_AUS (200g),월,1.00000000
라그로타_AUS (200g),일,1.65263158
라그로타_AUS (200g),토,2.00000000
라그로타_AUS (200g),화,1.41052632
라그로타_G-Charge(3),금,1.68131868
라그로타_G-Charge(3),목,1.61538462
라그로타_G-Charge(3),수,1.51648352
라그로타_G-Charge(3),월,1.00000000
라그로타_G-Charge(3),일,1.29670330
라그로타_G-Charge(3),토,2.00000000
라그로타_G-Charge(3),화,1.17582418
라그로타_Gls.Sileni,금,1.44525547
라그로타_Gls.Sileni,목,1.34306569
라그로타_Gls.Sileni,수,1.40145985
라그로타_Gls.Sileni,월,1.00000000
라그로타_Gls.Sileni,일,1.79562044
라그로타_Gls.Sileni,토,2.00000000
라그로타_Gls.Sileni,화,1.40875912
라그로타_Gls.미션 서드,금,1.64745763
라그로타_Gls.미션 서드,목,1.47118644
라그로타_Gls.미션 서드,수,1.37288136
라그로타_Gls.미션 서드,월,1.00000000
라그로타_Gls.미션 서드,일,1.77966102
라그로타_Gls.미션 서드,토,2.00000000
라그로타_Gls.미션 서드,화,1.33559322
라그로타_Open Food,금,1.86021505
라그로타_Open Food,목,2.00000000
라그로타_Open Food,수,1.29032258
라그로타_Open Food,월,1.00000000
라그로타_Open Food,일,1.33333333
라그로타_Open Food,토,1.37634409
라그로타_Open Food,화,1.30107527
라그로타_그릴드 비프 샐러드,금,1.81012658
라그로타_그릴드 비프 샐러드,목,1.63291139
라그로타_그릴드 비프 샐러드,수,1.62025316
라그로타_그릴드 비프 샐러드,월,1.00000000
라그로타_그릴드 비프 샐러드,일,1.82278481
라그로타_그릴드 비프 샐러드,토,2.00000000
라그로타_그릴드 비프 샐러드,화,1.58227848
라그로타_까르보나라,금,1.68518519
라그로타_까르보나라,목,1.42592593
라그로타_까르보나라,수,1.32407407
라그로타_까르보나라,월,1.00000000
라그로타_까르보나라,일,1.87962963
라그로타_까르보나라,토,2.00000000
라그로타_까르보나라,화,1.50925926
라그로타_모둠 해산물 플래터,금,1.35000000
라그로타_모둠 해산물 플래터,목,1.30000000
라그로타_모둠 해산물 플래터,수,1.27500000
라그로타_모둠 해산물 플래터,월,1.00000000
라그로타_모둠 해산물 플래터,일,1.37500000
라그로타_모둠 해산물 플래터,토,2.00000000
라그로타_모둠 해산물 플래터,화,1.22500000
라그로타_미션 서드 카베르네 쉬라,금,1.71111111
라그로타_미션 서드 카베르네 쉬라,목,2.00000000
라그로타_미션 서드 카베르네 쉬라,수,1.32222222
라그로타_미션 서드 카베르네 쉬라,월,1.00000000
라그로타_미션 서드 카베르네 쉬라,일,1.37777778
라그로타_미션 서드 카베르네 쉬라,토,1.50000000
라그로타_미션 서드 카베르네 쉬라,화,1.26666667
라그로타_버섯 크림 리조또,금,1.52447552
라그로타_버섯 크림 리조또,목,1.27972028
라그로타_버섯 크림 리조또,수,1.35664336
라그로타_버섯 크림 리조또,월,1.00000000
라그로타_버섯 크림 리조또,일,1.48951049
라그로타_버섯 크림 리조또,토,2.00000000
라그로타_버섯 크림 리조또,화,1.33566434
라그로타_빵 추가 (1인),금,1.60047847
라그로타_빵 추가 (1인),목,1.40669856
라그로타_빵 추가 (1인),수,1.35167464
라그로타_빵 추가 (1인),월,1.00000000
라그로타_빵 추가 (1인),일,1.58133971
라그로타_빵 추가 (1인),토,2.00000000
라그로타_빵 추가 (1인),화,1.31339713
라그로타_스프라이트,금,1.60714286
라그로타_스프라이트,목,1.89285714
라그로타_스프라이트,수,1.07142857
라그로타_스프라이트,월,1.00000000
라그로타_스프라이트,일,1.73214286
라그로타_스프라이트,토,2.00000000
라그로타_스프라이트,화,1.17857143
라그로타_시저 샐러드 ,금,2.00000000
라그로타_시저 샐러드 ,목,1.42168675
라그로타_시저 샐러드 ,수,1.48192771
라그로타_시저 샐러드 ,월,1.00000000
라그로타_시저 샐러드 ,일,1.77108434
라그로타_시저 샐러드 ,토,1.98795181
라그로타_시저 샐러드 ,화,1.59036145
라그로타_아메리카노,금,1.87500000
라그로타_아메리카노,목,1.61363636
라그로타_아메리카노,수,2.00000000
라그로타_아메리카노,월,1.00000000
라그로타_아메리카노,일,1.80681818
라그로타_아메리카노,토,1.89772727
라그로타_아메리카노,화,1.75000000
라그로타_알리오 에 올리오 ,금,1.74050633
라그로타_알리오 에 올리오 ,목,1.48101266
라그로타_알리오 에 올리오 ,수,1.46202532
라그로타_알리오 에 올리오 ,월,1.00000000
라그로타_알리오 에 올리오 ,일,1.72151899
라그로타_알리오 에 올리오 ,토,2.00000000
라그로타_알리오 에 올리오 ,화,1.41139241
라그로타_양갈비 (4ps),금,2.00000000
라그로타_양갈비 (4ps),목,1.31343284
라그로타_양갈비 (4ps),수,1.25373134
라그로타_양갈비 (4ps),월,1.00000000
라그로타_양갈비 (4ps),일,1.79104478
라그로타_양갈비 (4ps),토,1.94029851
라그로타_양갈비 (4ps),화,1.50746269
라그로타_자몽리치에이드,금,1.56074766
라그로타_자몽리치에이드,목,1.51401869
라그로타_자몽리치에이드,수,1.45794393
라그로타_자몽리치에이드,월,1.00000000
라그로타_자몽리치에이드,일,1.65420561
라그로타_자몽리치에이드,토,2.00000000
라그로타_자몽리치에이드,화,1.31775701
라그로타_제로콜라,금,1.74666667
라그로타_제로콜라,목,1.65333333
라그로타_제로콜라,수,1.53333333
라그로타_제로콜라,월,1.00000000
라그로타_제로콜라,일,2.00000000
라그로타_제로콜라,토,1.97333333
라그로타_제로콜라,화,1.46666667
라그로타_카스,금,1.53508772
라그로타_카스,목,1.34210526
라그로타_카스,수,1.17543860
라그로타_카스,월,1.00000000
라그로타_카스,일,1.37719298
라그로타_카스,토,2.00000000
라그로타_카스,화,1.40350877
라그로타_콜라,금,1.53333333
라그로타_콜라,목,1.58666667
라그로타_콜라,수,1.19333333
라그로타_콜라,월,1.00000000
라그로타_콜라,일,1.70000000
라그로타_콜라,토,2.00000000
라그로타_콜라,화,1.43333333
라그로타_하이네켄(생),금,1.56680162
라그로타_하이네켄(생),목,1.46558704
라그로타_하이네켄(생),수,1.35222672
라그로타_하이네켄(생),월,1.00000000
라그로타_하이네켄(생),일,1.52226721
라그로타_하이네켄(생),토,2.00000000
라그로타_하이네켄(생),화,1.28744939
라그로타_한우 (200g),금,1.41666667
라그로타_한우 (200g),목,1.37500000
라그로타_한우 (200g),수,1.37500000
라그로타_한우 (200g),월,1.00000000
라그로타_한우 (200g),일,1.64583333
라그로타_한우 (200g),토,2.00000000
라그로타_한우 (200g),화,1.31250000
라그로타_해산물 토마토 리조또,금,1.71500000
라그로타_해산물 토마토 리조또,목,1.44500000
라그로타_해산물 토마토 리조또,수,1.34500000
라그로타_해산물 토마토 리조또,월,1.00000000
라그로타_해산물 토마토 리조또,일,1.67500000
라그로타_해산물 토마토 리조또,토,2.00000000
라그로타_해산물 토마토 리조또,화,1.43000000
라그로타_해산물 토마토 스튜 파스타,금,1.79268293
라그로타_해산물 토마토 스튜 파스타,목,1.41463415
라그로타_해산물 토마토 스튜 파스타,수,1.56097561
라그로타_해산물 토마토 스튜 파스타,월,1.00000000
라그로타_해산물 토마토 스튜 파스타,일,1.67073171
라그로타_해산물 토마토 스튜 파스타,토,2.00000000
라그로타_해산물 토마토 스튜 파스타,화,1.40243902
라그로타_해산물 토마토 스파게티,금,1.62157221
라그로타_해산물 토마토 스파게티,목,1.51371115
라그로타_해산물 토마토 스파게티,수,1.50091408
라그로타_해산물 토마토 스파게티,월,1.00000000
라그로타_해산물 토마토 스파게티,일,1.70749543
라그로타_해산물 토마토 스파게티,토,2.00000000
라그로타_해산물 토마토 스파게티,화,1.42778793
"미라시아_(단체)브런치주중 36,000",금,1.94768268
"미라시아_(단체)브런치주중 36,000",목,2.00000000
"미라시아_(단체)브런치주중 36,000",수,1.60420813
"미라시아_(단체)브런치주중 36,000",월,1.29769690
"미라시아_(단체)브런치주중 36,000",일,1.00170600
"미라시아_(단체)브런치주중 36,000",토,1.00000000
"미라시아_(단체)브런치주중 36,000",화,1.93602502
미라시아_(오븐) 하와이안 쉬림프 피자,금,1.43750000
미라시아_(오븐) 하와이안 쉬림프 피자,목,1.37500000
미라시아_(오븐) 하와이안 쉬림프 피자,수,1.00000000
미라시아_(오븐) 하와이안 쉬림프 피자,월,1.29166667
미라시아_(오븐) 하와이안 쉬림프 피자,일,1.50000000
미라시아_(오븐) 하와이안 쉬림프 피자,토,2.00000000
미라시아_(오븐) 하와이안 쉬림프 피자,화,1.31250000
미라시아_(화덕) 불고기 페퍼로니 반반피자,금,1.29503106
미라시아_(화덕) 불고기 페퍼로니 반반피자,목,1.11180124
미라시아_(화덕) 불고기 페퍼로니 반반피자,수,1.00000000
미라시아_(화덕) 불고기 페퍼로니 반반피자,월,1.17391304
미라시아_(화덕) 불고기 페퍼로니 반반피자,일,1.43478261
미라시아_(화덕) 불고기 페퍼로니 반반피자,토,2.00000000
미라시아_(화덕) 불고기 페퍼로니 반반피자,화,1.07763975
미라시아_BBQ Platter,금,1.36632391
미라시아_BBQ Platter,목,1.08097686
미라시아_BBQ Platter,수,1.00000000
미라시아_BBQ Platter,월,1.12982005
미라시아_BBQ Platter,일,1.44215938
미라시아_BBQ Platter,토,2.00000000
미라시아_BBQ Platter,화,1.07840617
미라시아_BBQ 고기추가,금,1.67200000
미라시아_BBQ 고기추가,목,1.24800000
미라시아_BBQ 고기추가,수,1.00000000
미라시아_BBQ 고기추가,월,1.32000000
미라시아_BBQ 고기추가,일,1.43200000
미라시아_BBQ 고기추가,토,2.00000000
미라시아_BBQ 고기추가,화,1.14400000
미라시아_공깃밥,금,1.10294118
미라시아_공깃밥,목,1.11764706
미라시아_공깃밥,수,1.05882353
미라시아_공깃밥,월,1.01470588
미라시아_공깃밥,일,1.30882353
미라시아_공깃밥,토,2.00000000
미라시아_공깃밥,화,1.00000000
미라시아_글라스와인 (레드),금,1.43478261
미라시아_글라스와인 (레드),목,1.17391304
미라시아_글라스와인 (레드),수,1.00000000
미라시아_글라스와인 (레드),월,1.34782609
미라시아_글라스와인 (레드),일,1.43478261
미라시아_글라스와인 (레드),토,2.00000000
미라시아_글라스와인 (레드),화,1.04347826
미라시아_레인보우칵테일(알코올),금,1.32142857
미라시아_레인보우칵테일(알코올),목,1.33928571
미라시아_레인보우칵테일(알코올),수,1.00000000
미라시아_레인보우칵테일(알코올),월,1.33928571
미라시아_레인보우칵테일(알코올),일,1.78571429
미라시아_레인보우칵테일(알코올),토,2.00000000
미라시아_레인보우칵테일(알코올),화,1.25000000
미라시아_미라시아 브런치 (패키지),금,2.00000000
미라시아_미라시아 브런치 (패키지),목,1.39880952
미라시아_미라시아 브런치 (패키지),수,1.29365079
미라시아_미라시아 브런치 (패키지),월,1.38492063
미라시아_미라시아 브런치 (패키지),일,1.86607143
미라시아_미라시아 브런치 (패키지),토,1.00000000
미라시아_미라시아 브런치 (패키지),화,1.34027778
미라시아_버드와이저(무제한),금,1.46279492
미라시아_버드와이저(무제한),목,1.11796733
미라시아_버드와이저(무제한),수,1.00000000
미라시아_버드와이저(무제한),월,1.17604356
미라시아_버드와이저(무제한),일,1.41197822
미라시아_버드와이저(무제한),토,2.00000000
미라시아_버드와이저(무제한),화,1.12522686
미라시아_보일링 랍스타 플래터,금,1.69014085
미라시아_보일링 랍스타 플래터,목,1.14084507
미라시아_보일링 랍스타 플래터,수,1.01408451
미라시아_보일링 랍스타 플래터,월,1.04225352
미라시아_보일링 랍스타 플래터,일,1.26760563
미라시아_보일링 랍스타 플래터,토,2.00000000
미라시아_보일링 랍스타 플래터,화,1.00000000
미라시아_보일링 랍스타 플래터(덜매운맛),금,1.41666667
미라시아_보일링 랍스타 플래터(덜매운맛),목,1.06666667
미라시아_보일링 랍스타 플래터(덜매운맛),수,1.30000000
미라시아_보일링 랍스타 플래터(덜매운맛),월,1.10000000
미라시아_보일링 랍스타 플래터(덜매운맛),일,1.33333333
미라시아_보일링 랍스타 플래터(덜매운맛),토,2.00000000
미라시아_보일링 랍스타 플래터(덜매운맛),화,1.00000000
미라시아_브런치 2인 패키지 ,금,1.13695396
미라시아_브런치 2인 패키지 ,목,1.06965762
미라시아_브런치 2인 패키지 ,수,1.06139315
미라시아_브런치 2인 패키지 ,월,1.51121606
미라시아_브런치 2인 패키지 ,일,1.00000000
미라시아_브런치 2인 패키지 ,토,2.00000000
미라시아_브런치 2인 패키지 ,화,1.11334120
미라시아_브런치 4인 패키지 ,금,1.34615385
미라시아_브런치 4인 패키지 ,목,1.19230769
미라시아_브런치 4인 패키지 ,수,1.00000000
미라시아_브런치 4인 패키지 ,월,2.00000000
미라시아_브런치 4인 패키지 ,일,1.11538462
미라시아_브런치 4인 패키지 ,토,1.50000000
미라시아_브런치 4인 패키지 ,화,1.34615385
미라시아_브런치(대인) 주말,금,1.03339985
미라시아_브런치(대인) 주말,목,1.00273081
미라시아_브런치(대인) 주말,수,1.00000000
미라시아_브런치(대인) 주말,월,1.09484298
미라시아_브런치(대인) 주말,일,2.00000000
미라시아_브런치(대인) 주말,토,1.73836782
미라시아_브런치(대인) 주말,화,1.00913770
미라시아_브런치(대인) 주중,금,1.97049405
미라시아_브런치(대인) 주중,목,1.84057640
미라시아_브런치(대인) 주중,수,1.87053980
미라시아_브런치(대인) 주중,월,2.00000000
미라시아_브런치(대인) 주중,일,1.00000000
미라시아_브런치(대인) 주중,토,1.01578225
미라시아_브런치(대인) 주중,화,1.80146386
미라시아_브런치(어린이),금,1.09781210
미라시아_브런치(어린이),목,1.04440154
미라시아_브런치(어린이),수,1.00000000
미라시아_브런치(어린이),월,1.50386100
미라시아_브런치(어린이),일,2.00000000
미라시아_브런치(어린이),토,1.49871300
미라시아_브런치(어린이),화,1.05598456
미라시아_쉬림프 투움바 파스타,금,1.41634241
미라시아_쉬림프 투움바 파스타,목,1.14396887
미라시아_쉬림프 투움바 파스타,수,1.00000000
미라시아_쉬림프 투움바 파스타,월,1.21789883
미라시아_쉬림프 투움바 파스타,일,1.35408560
미라시아_쉬림프 투움바 파스타,토,2.00000000
미라시아_쉬림프 투움바 파스타,화,1.12840467
미라시아_스텔라(무제한),금,1.58333333
미라시아_스텔라(무제한),목,1.08333333
미라시아_스텔라(무제한),수,1.00000000
미라시아_스텔라(무제한),월,1.28070175
미라시아_스텔라(무제한),일,1.42543860
미라시아_스텔라(무제한),토,2.00000000
미라시아_스텔라(무제한),화,1.23245614
미라시아_스프라이트,금,1.32352941
미라시아_스프라이트,목,1.16666667
미라시아_스프라이트,수,1.01960784
미라시아_스프라이트,월,1.09803922
미라시아_스프라이트,일,1.27450980
미라시아_스프라이트,토,2.00000000
미라시아_스프라이트,화,1.00000000
미라시아_애플망고 에이드,금,1.42086331
미라시아_애플망고 에이드,목,1.08992806
미라시아_애플망고 에이드,수,1.00000000
미라시아_애플망고 에이드,월,1.06834532
미라시아_애플망고 에이드,일,1.41366906
미라시아_애플망고 에이드,토,2.00000000
미라시아_애플망고 에이드,화,1.16906475
미라시아_얼그레이 하이볼,금,1.31451613
미라시아_얼그레이 하이볼,목,1.12096774
미라시아_얼그레이 하이볼,수,1.00000000
미라시아_얼그레이 하이볼,월,1.20161290
미라시아_얼그레이 하이볼,일,1.37903226
미라시아_얼그레이 하이볼,토,2.00000000
미라시아_얼그레이 하이볼,화,1.17741935
미라시아_오븐구이 윙과 킬바사소세지,금,1.56842105
미라시아_오븐구이 윙과 킬바사소세지,목,1.13684211
미라시아_오븐구이 윙과 킬바사소세지,수,1.00000000
미라시아_오븐구이 윙과 킬바사소세지,월,1.58947368
미라시아_오븐구이 윙과 킬바사소세지,일,1.37894737
미라시아_오븐구이 윙과 킬바사소세지,토,2.00000000
미라시아_오븐구이 윙과 킬바사소세지,화,1.29473684
미라시아_유자 하이볼,금,1.49315068
미라시아_유자 하이볼,목,1.13698630
미라시아_유자 하이볼,수,1.05479452
미라시아_유자 하이볼,월,1.00000000
미라시아_유자 하이볼,일,1.20547945
미라시아_유자 하이볼,토,2.00000000
미라시아_유자 하이볼,화,1.16438356
미라시아_잭 애플 토닉,금,1.25714286
미라시아_잭 애플 토닉,목,1.14285714
미라시아_잭 애플 토닉,수,1.20000000
미라시아_잭 애플 토닉,월,1.05714286
미라시아_잭 애플 토닉,일,1.40000000
미라시아_잭 애플 토닉,토,2.00000000
미라시아_잭 애플 토닉,화,1.00000000
미라시아_칠리 치즈 프라이,금,1.46478873
미라시아_칠리 치즈 프라이,목,1.00000000
미라시아_칠리 치즈 프라이,수,1.04225352
미라시아_칠리 치즈 프라이,월,1.21126761
미라시아_칠리 치즈 프라이,일,1.21126761
미라시아_칠리 치즈 프라이,토,2.00000000
미라시아_칠리 치즈 프라이,화,1.32394366
미라시아_코카콜라,금,1.35064935
미라시아_코카콜라,목,1.22077922
미라시아_코카콜라,수,1.00000000
미라시아_코카콜라,월,1.24675325
미라시아_코카콜라,일,1.55844156
미라시아_코카콜라,토,2.00000000
미라시아_코카콜라,화,1.05844156
미라시아_코카콜라(제로),금,1.67307692
미라시아_코카콜라(제로),목,1.28846154
미라시아_코카콜라(제로),수,1.05769231
미라시아_코카콜라(제로),월,1.00000000
미라시아_코카콜라(제로),일,1.55769231
미라시아_코카콜라(제로),토,2.00000000
미라시아_코카콜라(제로),화,1.03846154
미라시아_콥 샐러드,금,1.28235294
미라시아_콥 샐러드,목,1.24705882
미라시아_콥 샐러드,수,1.02352941
미라시아_콥 샐러드,월,1.11764706
미라시아_콥 샐러드,일,1.32941176
미라시아_콥 샐러드,토,2.00000000
미라시아_콥 샐러드,화,1.00000000
미라시아_파스타면 추가(150g),금,1.25000000
미라시아_파스타면 추가(150g),목,1.06521739
미라시아_파스타면 추가(150g),수,1.22826087
미라시아_파스타면 추가(150g),월,1.00000000
미라시아_파스타면 추가(150g),일,1.42391304
미라시아_파스타면 추가(150g),토,2.00000000
미라시아_파스타면 추가(150g),화,1.00000000
미라시아_핑크레몬에이드,금,1.58252427
미라시아_핑크레몬에이드,목,1.28155340
미라시아_핑크레몬에이드,수,1.00000000
미라시아_핑크레몬에이드,월,1.37864078
미라시아_핑크레몬에이드,일,1.45631068
미라시아_핑크레몬에이드,토,2.00000000
미라시아_핑크레몬에이드,화,1.14563107
연회장_Cass Beer,금,1.55485582
연회장_Cass Beer,목,2.00000000
연회장_Cass Beer,수,1.35896586
연회장_Cass Beer,월,1.32681472
연회장_Cass Beer,일,1.00000000
연회장_Cass Beer,토,1.05303281
연회장_Cass Beer,화,1.55154127
연회장_Conference L1,금,1.71739130
연회장_Conference L1,목,2.00000000
연회장_Conference L1,수,1.58695652
연회장_Conference L1,월,1.47826087
연회장_Conference L1,일,1.00000000
연회장_Conference L1,토,1.10869565
연회장_Conference L1,화,1.60869565
연회장_Conference L2,금,1.89583333
연회장_Conference L2,목,2.00000000
연회장_Conference L2,수,1.43750000
연회장_Conference L2,월,1.39583333
연회장_Conference L2,일,1.00000000
연회장_Conference L2,토,1.10416667
연회장_Conference L2,화,1.31250000
연회장_Conference L3,금,1.82978723
연회장_Conference L3,목,2.00000000
연회장_Conference L3,수,1.53191489
연회장_Conference L3,월,1.29787234
연회장_Conference L3,일,1.00000000
연회장_Conference L3,토,1.08510638
연회장_Conference L3,화,1.55319149
연회장_Conference M1,금,2.00000000
연회장_Conference M1,목,2.00000000
연회장_Conference M1,수,1.78378378
연회장_Conference M1,월,1.48648649
연회장_Conference M1,일,1.00000000
연회장_Conference M1,토,1.16216216
연회장_Conference M1,화,1.62162162
연회장_Conference M8,금,1.80555556
연회장_Conference M8,목,2.00000000
연회장_Conference M8,수,1.47222222
연회장_Conference M8,월,1.36111111
연회장_Conference M8,일,1.00000000
연회장_Conference M8,토,1.11111111
연회장_Conference M8,화,1.38888889
연회장_Conference M9,금,1.94736842
연회장_Conference M9,목,2.00000000
연회장_Conference M9,수,1.76315789
연회장_Conference M9,월,1.47368421
연회장_Conference M9,일,1.00000000
연회장_Conference M9,토,1.05263158
연회장_Conference M9,화,1.57894737
연회장_Convention Hall,금,1.87037037
연회장_Convention Hall,목,2.00000000
연회장_Convention Hall,수,1.75925926
연회장_Convention Hall,월,1.59259259
연회장_Convention Hall,일,1.00000000
연회장_Convention Hall,토,1.14814815
연회장_Convention Hall,화,1.64814815
연회장_Cookie Platter,금,1.55131265
연회장_Cookie Platter,목,2.00000000
연회장_Cookie Platter,수,1.56085919
연회장_Cookie Platter,월,1.29832936
연회장_Cookie Platter,일,1.00000000
연회장_Cookie Platter,토,1.05489260
연회장_Cookie Platter,화,1.50596659
연회장_Grand Ballroom,금,2.00000000
연회장_Grand Ballroom,목,1.94117647
연회장_Grand Ballroom,수,1.60784314
연회장_Grand Ballroom,월,1.54901961
연회장_Grand Ballroom,일,1.00000000
연회장_Grand Ballroom,토,1.33333333
연회장_Grand Ballroom,화,1.62745098
연회장_OPUS 2,금,1.78947368
연회장_OPUS 2,목,2.00000000
연회장_OPUS 2,수,1.73684211
연회장_OPUS 2,월,1.42105263
연회장_OPUS 2,일,1.00000000
연회장_OPUS 2,토,1.15789474
연회장_OPUS 2,화,1.73684211
연회장_Regular Coffee,금,1.56126629
연회장_Regular Coffee,목,2.00000000
연회장_Regular Coffee,수,1.39329609
연회장_Regular Coffee,월,1.13743017
연회장_Regular Coffee,일,1.00000000
연회장_Regular Coffee,토,1.02160149
연회장_Regular Coffee,화,1.66219739
연회장_골뱅이무침,금,1.57329843
연회장_골뱅이무침,목,1.06282723
연회장_골뱅이무침,수,1.00000000
연회장_골뱅이무침,월,1.01308901
연회장_골뱅이무침,일,1.30628272
연회장_골뱅이무침,토,2.00000000
연회장_골뱅이무침,화,1.01832461
연회장_공깃밥,금,1.49514563
연회장_공깃밥,목,1.10194175
연회장_공깃밥,수,1.00000000
연회장_공깃밥,월,1.00485437
연회장_공깃밥,일,1.29611650
연회장_공깃밥,토,2.00000000
연회장_공깃밥,화,1.10679612
연회장_돈목살 김치찌개 (밥포함),금,1.64690722
연회장_돈목살 김치찌개 (밥포함),목,1.00257732
연회장_돈목살 김치찌개 (밥포함),수,1.00000000
연회장_돈목살 김치찌개 (밥포함),월,1.04123711
연회장_돈목살 김치찌개 (밥포함),일,1.20618557
연회장_돈목살 김치찌개 (밥포함),토,2.00000000
연회장_돈목살 김치찌개 (밥포함),화,1.02577320
연회장_로제 치즈떡볶이,금,1.45258621
연회장_로제 치즈떡볶이,목,1.07758621
연회장_로제 치즈떡볶이,수,1.00000000
연회장_로제 치즈떡볶이,월,1.06034483
연회장_로제 치즈떡볶이,일,1.30172414
연회장_로제 치즈떡볶이,토,2.00000000
연회장_로제 치즈떡볶이,화,1.03017241
연회장_마라샹궈,금,1.88732394
연회장_마라샹궈,목,1.00000000
연회장_마라샹궈,수,1.01408451
연회장_마라샹궈,월,1.01408451
연회장_마라샹궈,일,1.08450704
연회장_마라샹궈,토,2.00000000
연회장_마라샹궈,화,1.02816901
연회장_매콤 무뼈닭발&계란찜,금,1.59782609
연회장_매콤 무뼈닭발&계란찜,목,1.09239130
연회장_매콤 무뼈닭발&계란찜,수,1.00000000
연회장_매콤 무뼈닭발&계란찜,월,1.08152174
연회장_매콤 무뼈닭발&계란찜,일,1.16847826
연회장_매콤 무뼈닭발&계란찜,토,2.00000000
연회장_매콤 무뼈닭발&계란찜,화,1.04347826
연회장_모둠 돈육구이(3인),금,1.64730878
연회장_모둠 돈육구이(3인),목,1.01133144
연회장_모둠 돈육구이(3인),수,1.02124646
연회장_모둠 돈육구이(3인),월,1.04390935
연회장_모둠 돈육구이(3인),일,1.25920680
연회장_모둠 돈육구이(3인),토,2.00000000
연회장_모둠 돈육구이(3인),화,1.00000000
연회장_삼겹살추가 (200g),금,1.56818182
연회장_삼겹살추가 (200g),목,1.12500000
연회장_삼겹살추가 (200g),수,1.13636364
연회장_삼겹살추가 (200g),월,1.12500000
연회장_삼겹살추가 (200g),일,1.37500000
연회장_삼겹살추가 (200g),토,2.00000000
연회장_삼겹살추가 (200g),화,1.00000000
연회장_야채추가,금,1.73437500
연회장_야채추가,목,1.00000000
연회장_야채추가,수,1.04687500
연회장_야채추가,월,1.09375000
연회장_야채추가,일,1.21875000
연회장_야채추가,토,2.00000000
연회장_야채추가,화,1.01562500
연회장_왕갈비치킨,금,1.65865385
연회장_왕갈비치킨,목,1.10096154
연회장_왕갈비치킨,수,1.05769231
연회장_왕갈비치킨,월,1.04326923
연회장_왕갈비치킨,일,1.30288462
연회장_왕갈비치킨,토,2.00000000
연회장_왕갈비치킨,화,1.00000000
연회장_주먹밥 (2ea),금,1.46385542
연회장_주먹밥 (2ea),목,1.03012048
연회장_주먹밥 (2ea),수,1.00000000
연회장_주먹밥 (2ea),월,1.09638554
연회장_주먹밥 (2ea),일,1.28313253
연회장_주먹밥 (2ea),토,2.00000000
연회장_주먹밥 (2ea),화,1.08433735
카페테리아_공깃밥(추가),금,1.20413437
카페테리아_공깃밥(추가),목,1.06632214
카페테리아_공깃밥(추가),수,1.00000000
카페테리아_공깃밥(추가),월,1.36864772
카페테리아_공깃밥(추가),일,1.80792420
카페테리아_공깃밥(추가),토,2.00000000
카페테리아_공깃밥(추가),화,1.09560724
카페테리아_구슬아이스크림,금,1.21103896
카페테리아_구슬아이스크림,목,1.05194805
카페테리아_구슬아이스크림,수,1.09523810
카페테리아_구슬아이스크림,월,1.29112554
카페테리아_구슬아이스크림,일,1.96103896
카페테리아_구슬아이스크림,토,2.00000000
카페테리아_구슬아이스크림,화,1.00000000
카페테리아_단체식 13000(신),금,2.00000000
카페테리아_단체식 13000(신),목,1.35942270
카페테리아_단체식 13000(신),수,1.42922565
카페테리아_단체식 13000(신),월,1.07743547
카페테리아_단체식 13000(신),일,1.00000000
카페테리아_단체식 13000(신),토,1.29850125
카페테리아_단체식 13000(신),화,1.47779628
카페테리아_단체식 18000(신),금,1.92857143
카페테리아_단체식 18000(신),목,2.00000000
카페테리아_단체식 18000(신),수,1.79756263
카페테리아_단체식 18000(신),월,1.46936357
카페테리아_단체식 18000(신),일,1.00000000
카페테리아_단체식 18000(신),토,1.13930264
카페테리아_단체식 18000(신),화,1.90081246
카페테리아_돼지고기 김치찌개,금,1.24322104
카페테리아_돼지고기 김치찌개,목,1.03861956
카페테리아_돼지고기 김치찌개,수,1.00000000
카페테리아_돼지고기 김치찌개,월,1.43549712
카페테리아_돼지고기 김치찌개,일,1.76581758
카페테리아_돼지고기 김치찌개,토,2.00000000
카페테리아_돼지고기 김치찌개,화,1.08299096
카페테리아_복숭아 아이스티,금,1.13360324
카페테리아_복숭아 아이스티,목,1.06680162
카페테리아_복숭아 아이스티,수,1.14271255
카페테리아_복숭아 아이스티,월,1.22165992
카페테리아_복숭아 아이스티,일,1.49190283
카페테리아_복숭아 아이스티,토,2.00000000
카페테리아_복숭아 아이스티,화,1.00000000
카페테리아_새우 볶음밥,금,1.39205527
카페테리아_새우 볶음밥,목,1.00000000
카페테리아_새우 볶음밥,수,1.18998273
카페테리아_새우 볶음밥,월,1.15198618
카페테리아_새우 볶음밥,일,1.79447323
카페테리아_새우 볶음밥,토,2.00000000
카페테리아_새우 볶음밥,화,1.13989637
카페테리아_새우튀김 우동,금,1.11416922
카페테리아_새우튀김 우동,목,1.08868502
카페테리아_새우튀김 우동,수,1.00000000
카페테리아_새우튀김 우동,월,1.32212029
카페테리아_새우튀김 우동,일,1.81651376
카페테리아_새우튀김 우동,토,2.00000000
카페테리아_새우튀김 우동,화,1.12130479
카페테리아_샷 추가,금,1.00000000
카페테리아_샷 추가,목,1.30952381
카페테리아_샷 추가,수,1.44047619
카페테리아_샷 추가,월,1.51190476
카페테리아_샷 추가,일,1.46428571
카페테리아_샷 추가,토,2.00000000
카페테리아_샷 추가,화,1.23809524
카페테리아_수제 등심 돈까스,금,1.26543012
카페테리아_수제 등심 돈까스,목,1.08282699
카페테리아_수제 등심 돈까스,수,1.00000000
카페테리아_수제 등심 돈까스,월,1.24528302
카페테리아_수제 등심 돈까스,일,1.86152862
카페테리아_수제 등심 돈까스,토,2.00000000
카페테리아_수제 등심 돈까스,화,1.05020787
카페테리아_아메리카노(HOT),금,1.20227111
카페테리아_아메리카노(HOT),목,1.00000000
카페테리아_아메리카노(HOT),수,1.11568488
카페테리아_아메리카노(HOT),월,1.21717530
카페테리아_아메리카노(HOT),일,2.00000000
카페테리아_아메리카노(HOT),토,1.87012065
카페테리아_아메리카노(HOT),화,1.12349184
카페테리아_아메리카노(ICE),금,1.19717668
카페테리아_아메리카노(ICE),목,1.06375228
카페테리아_아메리카노(ICE),수,1.03506375
카페테리아_아메리카노(ICE),월,1.11065574
카페테리아_아메리카노(ICE),일,1.52049180
카페테리아_아메리카노(ICE),토,2.00000000
카페테리아_아메리카노(ICE),화,1.00000000
카페테리아_약 고추장 돌솥비빔밥,금,1.25499232
카페테리아_약 고추장 돌솥비빔밥,목,1.07219662
카페테리아_약 고추장 돌솥비빔밥,수,1.08064516
카페테리아_약 고추장 돌솥비빔밥,월,1.28494624
카페테리아_약 고추장 돌솥비빔밥,일,1.86866359
카페테리아_약 고추장 돌솥비빔밥,토,2.00000000
카페테리아_약 고추장 돌솥비빔밥,화,1.00000000
카페테리아_어린이 돈까스,금,1.26323319
카페테리아_어린이 돈까스,목,1.05722461
카페테리아_어린이 돈까스,수,1.00000000
카페테리아_어린이 돈까스,월,1.16452074
카페테리아_어린이 돈까스,일,2.00000000
카페테리아_어린이 돈까스,토,1.89270386
카페테리아_어린이 돈까스,화,1.09012876
카페테리아_오픈푸드,금,2.00000000
카페테리아_오픈푸드,목,1.15584416
카페테리아_오픈푸드,수,1.99900100
카페테리아_오픈푸드,월,1.85514486
카페테리아_오픈푸드,일,1.09490509
카페테리아_오픈푸드,토,1.00000000
카페테리아_오픈푸드,화,1.75724276
카페테리아_진사골 설렁탕,금,1.30445545
카페테리아_진사골 설렁탕,목,1.00000000
카페테리아_진사골 설렁탕,수,1.04207921
카페테리아_진사골 설렁탕,월,1.26732673
카페테리아_진사골 설렁탕,일,1.53217822
카페테리아_진사골 설렁탕,토,2.00000000
카페테리아_진사골 설렁탕,화,1.19801980
카페테리아_짜장면,금,1.17397998
카페테리아_짜장면,목,1.02848345
카페테리아_짜장면,수,1.00000000
카페테리아_짜장면,월,1.32409546
카페테리아_짜장면,일,2.00000000
카페테리아_짜장면,토,1.94919169
카페테리아_짜장면,화,1.01385681
카페테리아_짜장밥,금,1.09947644
카페테리아_짜장밥,목,1.08376963
카페테리아_짜장밥,수,1.09947644
카페테리아_짜장밥,월,1.43979058
카페테리아_짜장밥,일,1.93193717
카페테리아_짜장밥,토,2.00000000
카페테리아_짜장밥,화,1.00000000
카페테리아_짬뽕,금,1.16686675
카페테리아_짬뽕,목,1.01320528
카페테리아_짬뽕,수,1.00000000
카페테리아_짬뽕,월,1.19807923
카페테리아_짬뽕,일,1.78391357
카페테리아_짬뽕,토,2.00000000
카페테리아_짬뽕,화,1.04561825
카페테리아_짬뽕밥,금,1.29787234
카페테리아_짬뽕밥,목,1.12765957
카페테리아_짬뽕밥,수,1.00000000
카페테리아_짬뽕밥,월,1.30673759
카페테리아_짬뽕밥,일,1.70212766
카페테리아_짬뽕밥,토,2.00000000
카페테리아_짬뽕밥,화,1.02304965
카페테리아_치즈돈까스,금,1.17370572
카페테리아_치즈돈까스,목,1.05790191
카페테리아_치즈돈까스,수,1.00000000
카페테리아_치즈돈까스,월,1.19482289
카페테리아_치즈돈까스,일,1.72411444
카페테리아_치즈돈까스,토,2.00000000
카페테리아_치즈돈까스,화,1.06539510
카페테리아_카페라떼(HOT),금,1.19176598
카페테리아_카페라떼(HOT),목,1.00000000
카페테리아_카페라떼(HOT),수,1.06825569
카페테리아_카페라떼(HOT),월,1.30227519
카페테리아_카페라떼(HOT),일,2.00000000
카페테리아_카페라떼(HOT),토,1.69772481
카페테리아_카페라떼(HOT),화,1.16468039
카페테리아_카페라떼(ICE),금,1.24829157
카페테리아_카페라떼(ICE),목,1.06605923
카페테리아_카페라떼(ICE),수,1.17084282
카페테리아_카페라떼(ICE),월,1.10478360
카페테리아_카페라떼(ICE),일,1.61731207
카페테리아_카페라떼(ICE),토,2.00000000
카페테리아_카페라떼(ICE),화,1.00000000
카페테리아_한상 삼겹구이 정식(2인) 소요시간 약 15~20분,금,1.53588517
카페테리아_한상 삼겹구이 정식(2인) 소요시간 약 15~20분,목,1.16028708
카페테리아_한상 삼겹구이 정식(2인) 소요시간 약 15~20분,수,1.00000000
카페테리아_한상 삼겹구이 정식(2인) 소요시간 약 15~20분,월,1.16267943
카페테리아_한상 삼겹구이 정식(2인) 소요시간 약 15~20분,일,1.53110048
카페테리아_한상 삼겹구이 정식(2인) 소요시간 약 15~20분,토,2.00000000
카페테리아_한상 삼겹구이 정식(2인) 소요시간 약 15~20분,화,1.10287081
포레스트릿_꼬치어묵,금,1.44572193
포레스트릿_꼬치어묵,목,1.10588235
포레스트릿_꼬치어묵,수,1.00000000
포레스트릿_꼬치어묵,월,1.20980392
포레스트릿_꼬치어묵,일,1.67860963
포레스트릿_꼬치어묵,토,2.00000000
포레스트릿_꼬치어묵,화,1.03930481
포레스트릿_떡볶이,금,1.43898792
포레스트릿_떡볶이,목,1.09810236
포레스트릿_떡볶이,수,1.00000000
포레스트릿_떡볶이,월,1.20575043
포레스트릿_떡볶이,일,1.66348476
포레스트릿_떡볶이,토,2.00000000
포레스트릿_떡볶이,화,1.00851064
포레스트릿_복숭아 아이스티,금,1.24333925
포레스트릿_복숭아 아이스티,목,1.12729426
포레스트릿_복숭아 아이스티,수,1.00592066
포레스트릿_복숭아 아이스티,월,1.17288336
포레스트릿_복숭아 아이스티,일,1.73712256
포레스트릿_복숭아 아이스티,토,2.00000000
포레스트릿_복숭아 아이스티,화,1.00000000
포레스트릿_생수,금,1.47383513
포레스트릿_생수,목,1.11139785
포레스트릿_생수,수,1.00000000
포레스트릿_생수,월,1.04903226
포레스트릿_생수,일,1.47627240
포레스트릿_생수,토,2.00000000
포레스트릿_생수,화,1.02379928
포레스트릿_스프라이트,금,1.39930556
포레스트릿_스프라이트,목,1.09143519
포레스트릿_스프라이트,수,1.00000000
포레스트릿_스프라이트,월,1.17187500
포레스트릿_스프라이트,일,1.65856481
포레스트릿_스프라이트,토,2.00000000
포레스트릿_스프라이트,화,1.04687500
포레스트릿_아메리카노(HOT),금,1.40113960
포레스트릿_아메리카노(HOT),목,1.10085470
포레스트릿_아메리카노(HOT),수,1.00000000
포레스트릿_아메리카노(HOT),월,1.17321937
포레스트릿_아메리카노(HOT),일,2.00000000
포레스트릿_아메리카노(HOT),토,1.88888889
포레스트릿_아메리카노(HOT),화,1.04330484
포레스트릿_아메리카노(ICE),금,1.28680203
포레스트릿_아메리카노(ICE),목,1.08629442
포레스트릿_아메리카노(ICE),수,1.00000000
포레스트릿_아메리카노(ICE),월,1.05076142
포레스트릿_아메리카노(ICE),일,1.66218274
포레스트릿_아메리카노(ICE),토,2.00000000
포레스트릿_아메리카노(ICE),화,1.02106599
포레스트릿_치즈 핫도그,금,1.39161138
포레스트릿_치즈 핫도그,목,1.10378772
포레스트릿_치즈 핫도그,수,1.00000000
포레스트릿_치즈 핫도그,월,1.21848919
포레스트릿_치즈 핫도그,일,1.85277124
포레스트릿_치즈 핫도그,토,2.00000000
포레스트릿_치즈 핫도그,화,1.07147443
포레스트릿_카페라떼(HOT),금,1.30601093
포레스트릿_카페라떼(HOT),목,1.04918033
포레스트릿_카페라떼(HOT),수,1.00000000
포레스트릿_카페라떼(HOT),월,1.25136612
포레스트릿_카페라떼(HOT),일,2.00000000
포레스트릿_카페라떼(HOT),토,1.88196721
포레스트릿_카페라떼(HOT),화,1.12240437
포레스트릿_카페라떼(ICE),금,1.20779221
포레스트릿_카페라떼(ICE),목,1.06122449
포레스트릿_카페라떼(ICE),수,1.00000000
포레스트릿_카페라떼(ICE),월,1.15955473
포레스트릿_카페라떼(ICE),일,1.88682746
포레스트릿_카페라떼(ICE),토,2.00000000
포레스트릿_카페라떼(ICE),화,1.04081633
포레스트릿_코카콜라,금,1.41461456
포레스트릿_코카콜라,목,1.12553533
포레스트릿_코카콜라,수,1.00000000
포레스트릿_코카콜라,월,1.13436831
포레스트릿_코카콜라,일,1.40819058
포레스트릿_코카콜라,토,2.00000000
포레스트릿_코카콜라,화,1.06423983
포레스트릿_페스츄리 소시지,금,1.30182808
포레스트릿_페스츄리 소시지,목,1.09412680
포레스트릿_페스츄리 소시지,수,1.00000000
포레스트릿_페스츄리 소시지,월,1.23803967
포레스트릿_페스츄리 소시지,일,1.78490860
포레스트릿_페스츄리 소시지,토,2.00000000
포레스트릿_페스츄리 소시지,화,1.09840529
화담숲주막_느린마을 막걸리,금,1.65207461
화담숲주막_느린마을 막걸리,목,1.43890369
화담숲주막_느린마을 막걸리,수,1.36315188
화담숲주막_느린마을 막걸리,월,1.00000000
화담숲주막_느린마을 막걸리,일,1.92767415
화담숲주막_느린마을 막걸리,토,2.00000000
화담숲주막_느린마을 막걸리,화,1.42481919
화담숲주막_단호박 식혜 ,금,1.51889020
화담숲주막_단호박 식혜 ,목,1.33943329
화담숲주막_단호박 식혜 ,수,1.24793388
화담숲주막_단호박 식혜 ,월,1.00000000
화담숲주막_단호박 식혜 ,일,1.91912633
화담숲주막_단호박 식혜 ,토,2.00000000
화담숲주막_단호박 식혜 ,화,1.38961039
화담숲주막_병천순대,금,1.50350942
화담숲주막_병천순대,목,1.34946435
화담숲주막_병천순대,수,1.26856298
화담숲주막_병천순대,월,1.00000000
화담숲주막_병천순대,일,2.00000000
화담숲주막_병천순대,토,1.98485408
화담숲주막_병천순대,화,1.36904322
화담숲주막_스프라이트,금,1.52516905
화담숲주막_스프라이트,목,1.23966942
화담숲주막_스프라이트,수,1.21412472
화담숲주막_스프라이트,월,1.00000000
화담숲주막_스프라이트,일,1.91359880
화담숲주막_스프라이트,토,2.00000000
화담숲주막_스프라이트,화,1.27948911
화담숲주막_참살이 막걸리,금,1.55407407
화담숲주막_참살이 막걸리,목,1.44000000
화담숲주막_참살이 막걸리,수,1.41530864
화담숲주막_참살이 막걸리,월,1.00000000
화담숲주막_참살이 막걸리,일,2.00000000
화담숲주막_참살이 막걸리,토,1.98271605
화담숲주막_참살이 막걸리,화,1.46962963
화담숲주막_찹쌀식혜,금,1.44891519
화담숲주막_찹쌀식혜,목,1.25680473
화담숲주막_찹쌀식혜,수,1.21656805
화담숲주막_찹쌀식혜,월,1.00000000
화담숲주막_찹쌀식혜,일,2.00000000
화담숲주막_찹쌀식혜,토,1.94516765
화담숲주막_찹쌀식혜,화,1.22248521
화담숲주막_콜라,금,1.48748002
화담숲주막_콜라,목,1.28556207
화담숲주막_콜라,수,1.18433671
화담숲주막_콜라,월,1.00000000
화담숲주막_콜라,일,1.96270645
화담숲주막_콜라,토,2.00000000
화담숲주막_콜라,화,1.32765051
화담숲주막_해물파전,금,1.50855950
화담숲주막_해물파전,목,1.34645094
화담숲주막_해물파전,수,1.32244259
화담숲주막_해물파전,월,1.00000000
화담숲주막_해물파전,일,1.96075157
화담숲주막_해물파전,토,2.00000000
화담숲주막_해물파전,화,1.40083507
화담숲카페_메밀미숫가루,금,1.50732303
화담숲카페_메밀미숫가루,목,1.37632221
화담숲카페_메밀미숫가루,수,1.27786819
화담숲카페_메밀미숫가루,월,1.00000000
화담숲카페_메밀미숫가루,일,1.88771359
화담숲카페_메밀미숫가루,토,2.00000000
화담숲카페_메밀미숫가루,화,1.39544345
화담숲카페_아메리카노 HOT,금,1.63966480
화담숲카페_아메리카노 HOT,목,1.60963687
화담숲카페_아메리카노 HOT,수,1.62779330
화담숲카페_아메리카노 HOT,월,1.00000000
화담숲카페_아메리카노 HOT,일,1.63268156
화담숲카페_아메리카노 HOT,토,2.00000000
화담숲카페_아메리카노 HOT,화,1.68784916
화담숲카페_아메리카노 ICE,금,1.72073776
화담숲카페_아메리카노 ICE,목,1.51075904
화담숲카페_아메리카노 ICE,수,1.32442658
화담숲카페_아메리카노 ICE,월,1.00000000
화담숲카페_아메리카노 ICE,일,1.77205013
화담숲카페_아메리카노 ICE,토,2.00000000
화담숲카페_아메리카노 ICE,화,1.51690707
화담숲카페_카페라떼 ICE,금,1.88209607
화담숲카페_카페라떼 ICE,목,1.56550218
화담숲카페_카페라떼 ICE,수,1.37117904
화담숲카페_카페라떼 ICE,월,1.00000000
화담숲카페_카페라떼 ICE,일,1.83406114
화담숲카페_카페라떼 ICE,토,2.00000000
화담숲카페_카페라떼 ICE,화,1.56550218
화담숲카페_현미뻥스크림,금,1.41179461
화담숲카페_현미뻥스크림,목,1.29232334
화담숲카페_현미뻥스크림,수,1.08642603
화담숲카페_현미뻥스크림,월,1.00000000
화담숲카페_현미뻥스크림,일,1.99084901
화담숲카페_현미뻥스크림,토,2.00000000
화담숲카페_현미뻥스크림,화,1.17437722
